<?xml version="1.0" encoding="UTF-8"?>
<HealthData>
  <!-- Step counts for the past 6 months -->
  <Record type="HKQuantityTypeIdentifierStepCount" sourceName="Apple Watch" sourceVersion="8.0" device="&lt;&lt;HKDevice: 0x7f8b1c0&gt;&gt;" unit="count" creationDate="2023-09-15 08:00:00 -0700" startDate="2023-09-15 00:00:00 -0700" endDate="2023-09-15 23:59:59 -0700" value="9876"/>
  <Record type="HKQuantityTypeIdentifierStepCount" sourceName="Apple Watch" sourceVersion="8.0" device="&lt;&lt;HKDevice: 0x7f8b1c0&gt;&gt;" unit="count" creationDate="2023-10-20 08:00:00 -0700" startDate="2023-10-20 00:00:00 -0700" endDate="2023-10-20 23:59:59 -0700" value="10542"/>
  <Record type="HKQuantityTypeIdentifierStepCount" sourceName="Apple Watch" sourceVersion="8.0" device="&lt;&lt;HKDevice: 0x7f8b1c0&gt;&gt;" unit="count" creationDate="2023-11-05 08:00:00 -0700" startDate="2023-11-05 00:00:00 -0700" endDate="2023-11-05 23:59:59 -0700" value="8743"/>
  <Record type="HKQuantityTypeIdentifierStepCount" sourceName="Apple Watch" sourceVersion="8.0" device="&lt;&lt;HKDevice: 0x7f8b1c0&gt;&gt;" unit="count" creationDate="2023-12-12 08:00:00 -0700" startDate="2023-12-12 00:00:00 -0700" endDate="2023-12-12 23:59:59 -0700" value="11232"/>
  <Record type="HKQuantityTypeIdentifierStepCount" sourceName="Apple Watch" sourceVersion="8.0" device="&lt;&lt;HKDevice: 0x7f8b1c0&gt;&gt;" unit="count" creationDate="2024-01-22 08:00:00 -0700" startDate="2024-01-22 00:00:00 -0700" endDate="2024-01-22 23:59:59 -0700" value="9845"/>
  <Record type="HKQuantityTypeIdentifierStepCount" sourceName="Apple Watch" sourceVersion="8.0" device="&lt;&lt;HKDevice: 0x7f8b1c0&gt;&gt;" unit="count" creationDate="2024-02-14 08:00:00 -0700" startDate="2024-02-14 00:00:00 -0700" endDate="2024-02-14 23:59:59 -0700" value="12756"/>
  <Record type="HKQuantityTypeIdentifierStepCount" sourceName="Apple Watch" sourceVersion="8.0" device="&lt;&lt;HKDevice: 0x7f8b1c0&gt;&gt;" unit="count" creationDate="2024-03-01 08:00:00 -0700" startDate="2024-03-01 00:00:00 -0700" endDate="2024-03-01 23:59:59 -0700" value="12345"/>
  <Record type="HKQuantityTypeIdentifierStepCount" sourceName="Apple Watch" sourceVersion="8.0" device="&lt;&lt;HKDevice: 0x7f8b1c0&gt;&gt;" unit="count" creationDate="2024-03-02 08:00:00 -0700" startDate="2024-03-02 00:00:00 -0700" endDate="2024-03-02 23:59:59 -0700" value="15678"/>
  <Record type="HKQuantityTypeIdentifierStepCount" sourceName="Apple Watch" sourceVersion="8.0" device="&lt;&lt;HKDevice: 0x7f8b1c0&gt;&gt;" unit="count" creationDate="2024-03-03 08:00:00 -0700" startDate="2024-03-03 00:00:00 -0700" endDate="2024-03-03 23:59:59 -0700" value="13456"/>
  
  <!-- Heart rate data across different times -->
  <Record type="HKQuantityTypeIdentifierHeartRate" sourceName="Apple Watch" sourceVersion="8.0" device="&lt;&lt;HKDevice: 0x7f8b1c0&gt;&gt;" unit="count/min" creationDate="2023-10-15 08:00:00 -0700" startDate="2023-10-15 08:00:00 -0700" endDate="2023-10-15 08:00:00 -0700" value="75"/>
  <Record type="HKQuantityTypeIdentifierHeartRate" sourceName="Apple Watch" sourceVersion="8.0" device="&lt;&lt;HKDevice: 0x7f8b1c0&gt;&gt;" unit="count/min" creationDate="2023-11-20 12:00:00 -0700" startDate="2023-11-20 12:00:00 -0700" endDate="2023-11-20 12:00:00 -0700" value="70"/>
  <Record type="HKQuantityTypeIdentifierHeartRate" sourceName="Apple Watch" sourceVersion="8.0" device="&lt;&lt;HKDevice: 0x7f8b1c0&gt;&gt;" unit="count/min" creationDate="2023-12-25 16:00:00 -0700" startDate="2023-12-25 16:00:00 -0700" endDate="2023-12-25 16:00:00 -0700" value="82"/>
  <Record type="HKQuantityTypeIdentifierHeartRate" sourceName="Apple Watch" sourceVersion="8.0" device="&lt;&lt;HKDevice: 0x7f8b1c0&gt;&gt;" unit="count/min" creationDate="2024-01-05 09:00:00 -0700" startDate="2024-01-05 09:00:00 -0700" endDate="2024-01-05 09:00:00 -0700" value="68"/>
  <Record type="HKQuantityTypeIdentifierHeartRate" sourceName="Apple Watch" sourceVersion="8.0" device="&lt;&lt;HKDevice: 0x7f8b1c0&gt;&gt;" unit="count/min" creationDate="2024-02-14 14:00:00 -0700" startDate="2024-02-14 14:00:00 -0700" endDate="2024-02-14 14:00:00 -0700" value="73"/>
  <Record type="HKQuantityTypeIdentifierHeartRate" sourceName="Apple Watch" sourceVersion="8.0" device="&lt;&lt;HKDevice: 0x7f8b1c0&gt;&gt;" unit="count/min" creationDate="2024-03-01 08:00:00 -0700" startDate="2024-03-01 08:00:00 -0700" endDate="2024-03-01 08:00:00 -0700" value="72"/>
  <Record type="HKQuantityTypeIdentifierHeartRate" sourceName="Apple Watch" sourceVersion="8.0" device="&lt;&lt;HKDevice: 0x7f8b1c0&gt;&gt;" unit="count/min" creationDate="2024-03-01 12:00:00 -0700" startDate="2024-03-01 12:00:00 -0700" endDate="2024-03-01 12:00:00 -0700" value="68"/>
  <Record type="HKQuantityTypeIdentifierHeartRate" sourceName="Apple Watch" sourceVersion="8.0" device="&lt;&lt;HKDevice: 0x7f8b1c0&gt;&gt;" unit="count/min" creationDate="2024-03-01 16:00:00 -0700" startDate="2024-03-01 16:00:00 -0700" endDate="2024-03-01 16:00:00 -0700" value="75"/>
  
  <!-- Resting heart rate data over months -->
  <Record type="HKQuantityTypeIdentifierRestingHeartRate" sourceName="Apple Watch" sourceVersion="8.0" device="&lt;&lt;HKDevice: 0x7f8b1c0&gt;&gt;" unit="count/min" creationDate="2023-10-10 23:00:00 -0700" startDate="2023-10-10 23:00:00 -0700" endDate="2023-10-10 23:00:00 -0700" value="62.2"/>
  <Record type="HKQuantityTypeIdentifierRestingHeartRate" sourceName="Apple Watch" sourceVersion="8.0" device="&lt;&lt;HKDevice: 0x7f8b1c0&gt;&gt;" unit="count/min" creationDate="2023-11-15 23:00:00 -0700" startDate="2023-11-15 23:00:00 -0700" endDate="2023-11-15 23:00:00 -0700" value="60.5"/>
  <Record type="HKQuantityTypeIdentifierRestingHeartRate" sourceName="Apple Watch" sourceVersion="8.0" device="&lt;&lt;HKDevice: 0x7f8b1c0&gt;&gt;" unit="count/min" creationDate="2023-12-20 23:00:00 -0700" startDate="2023-12-20 23:00:00 -0700" endDate="2023-12-20 23:00:00 -0700" value="59.8"/>
  <Record type="HKQuantityTypeIdentifierRestingHeartRate" sourceName="Apple Watch" sourceVersion="8.0" device="&lt;&lt;HKDevice: 0x7f8b1c0&gt;&gt;" unit="count/min" creationDate="2024-01-25 23:00:00 -0700" startDate="2024-01-25 23:00:00 -0700" endDate="2024-01-25 23:00:00 -0700" value="58.6"/>
  <Record type="HKQuantityTypeIdentifierRestingHeartRate" sourceName="Apple Watch" sourceVersion="8.0" device="&lt;&lt;HKDevice: 0x7f8b1c0&gt;&gt;" unit="count/min" creationDate="2024-02-20 23:00:00 -0700" startDate="2024-02-20 23:00:00 -0700" endDate="2024-02-20 23:00:00 -0700" value="57.4"/>
  <Record type="HKQuantityTypeIdentifierRestingHeartRate" sourceName="Apple Watch" sourceVersion="8.0" device="&lt;&lt;HKDevice: 0x7f8b1c0&gt;&gt;" unit="count/min" creationDate="2024-03-01 23:00:00 -0700" startDate="2024-03-01 23:00:00 -0700" endDate="2024-03-01 23:00:00 -0700" value="58"/>
  <Record type="HKQuantityTypeIdentifierRestingHeartRate" sourceName="Apple Watch" sourceVersion="8.0" device="&lt;&lt;HKDevice: 0x7f8b1c0&gt;&gt;" unit="count/min" creationDate="2024-03-02 23:00:00 -0700" startDate="2024-03-02 23:00:00 -0700" endDate="2024-03-02 23:00:00 -0700" value="56.5"/>
  <Record type="HKQuantityTypeIdentifierRestingHeartRate" sourceName="Apple Watch" sourceVersion="8.0" device="&lt;&lt;HKDevice: 0x7f8b1c0&gt;&gt;" unit="count/min" creationDate="2024-03-03 23:00:00 -0700" startDate="2024-03-03 23:00:00 -0700" endDate="2024-03-03 23:00:00 -0700" value="57.2"/>
  
  <!-- Workout data -->
  <Workout workoutActivityType="HKWorkoutActivityTypeRunning" sourceName="Apple Watch" sourceVersion="8.0" device="&lt;&lt;HKDevice: 0x7f8b1c0&gt;&gt;" duration="1800" durationUnit="min" totalEnergyBurned="300" totalEnergyBurnedUnit="kcal" totalDistance="5" totalDistanceUnit="km" creationDate="2024-03-01 08:00:00 -0700" startDate="2024-03-01 08:00:00 -0700" endDate="2024-03-01 08:30:00 -0700"/>
  <Workout workoutActivityType="HKWorkoutActivityTypeCycling" sourceName="Apple Watch" sourceVersion="8.0" device="&lt;&lt;HKDevice: 0x7f8b1c0&gt;&gt;" duration="3600" durationUnit="min" totalEnergyBurned="500" totalEnergyBurnedUnit="kcal" totalDistance="20" totalDistanceUnit="km" creationDate="2024-03-02 09:00:00 -0700" startDate="2024-03-02 09:00:00 -0700" endDate="2024-03-02 10:00:00 -0700"/>
  <Workout workoutActivityType="HKWorkoutActivityTypeSwimming" sourceName="Apple Watch" sourceVersion="8.0" device="&lt;&lt;HKDevice: 0x7f8b1c0&gt;&gt;" duration="2700" durationUnit="min" totalEnergyBurned="350" totalEnergyBurnedUnit="kcal" totalDistance="1.5" totalDistanceUnit="km" creationDate="2024-03-03 15:00:00 -0700" startDate="2024-03-03 15:00:00 -0700" endDate="2024-03-03 15:45:00 -0700"/>
  <Workout workoutActivityType="HKWorkoutActivityTypeHIIT" sourceName="Apple Watch" sourceVersion="8.0" device="&lt;&lt;HKDevice: 0x7f8b1c0&gt;&gt;" duration="1200" durationUnit="min" totalEnergyBurned="280" totalEnergyBurnedUnit="kcal" creationDate="2024-03-04 07:00:00 -0700" startDate="2024-03-04 07:00:00 -0700" endDate="2024-03-04 07:20:00 -0700"/>
  
  <!-- Sleep data -->
  <Category type="HKCategoryTypeIdentifierSleepAnalysis" sourceName="Apple Watch" sourceVersion="8.0" device="&lt;&lt;HKDevice: 0x7f8b1c0&gt;&gt;" creationDate="2024-03-01 08:00:00 -0700" startDate="2024-03-01 23:00:00 -0700" endDate="2024-03-02 07:00:00 -0700" value="HKCategoryValueSleepAnalysisAsleep"/>
  <Category type="HKCategoryTypeIdentifierSleepAnalysis" sourceName="Apple Watch" sourceVersion="8.0" device="&lt;&lt;HKDevice: 0x7f8b1c0&gt;&gt;" creationDate="2024-03-02 08:00:00 -0700" startDate="2024-03-02 23:00:00 -0700" endDate="2024-03-03 07:00:00 -0700" value="HKCategoryValueSleepAnalysisAsleep"/>
  <Category type="HKCategoryTypeIdentifierSleepAnalysis" sourceName="Apple Watch" sourceVersion="8.0" device="&lt;&lt;HKDevice: 0x7f8b1c0&gt;&gt;" creationDate="2024-03-03 08:00:00 -0700" startDate="2024-03-03 22:30:00 -0700" endDate="2024-03-04 06:30:00 -0700" value="HKCategoryValueSleepAnalysisAsleep"/>
  <Category type="HKCategoryTypeIdentifierSleepAnalysis" sourceName="Apple Watch" sourceVersion="8.0" device="&lt;&lt;HKDevice: 0x7f8b1c0&gt;&gt;" creationDate="2024-03-04 08:00:00 -0700" startDate="2024-03-04 23:00:00 -0700" endDate="2024-03-05 07:15:00 -0700" value="HKCategoryValueSleepAnalysisAsleep"/>
</HealthData> 